[{
  "_id": {
    "$oid": "61d001bf6a5e7e16afd4df8f"
  },
  "diamonds": 30500,
  "dollar": 300,
  "rupee": 23001,
  "tag": "",
  "productKey": "android.test.purchased",
  "createdAt": {
    "$date": "2022-01-01T07:24:47.162Z"
  },
  "updatedAt": {
    "$date": "2022-03-29T09:36:05.268Z"
  },
  "isDelete": false
},{
  "_id": {
    "$oid": "6242d32c1f893defef8a506d"
  },
  "isDelete": false,
  "diamonds": 10250,
  "dollar": 100,
  "rupee": 7670,
  "tag": "30% off",
  "productKey": "android.test.purchased",
  "createdAt": {
    "$date": "2022-03-29T09:36:44.683Z"
  },
  "updatedAt": {
    "$date": "2022-03-29T09:36:44.683Z"
  }
},{
  "_id": {
    "$oid": "6242df961f893defef8a5286"
  },
  "isDelete": false,
  "diamonds": 5100,
  "dollar": 50,
  "rupee": 3840,
  "tag": "",
  "productKey": "android.test.purchased",
  "createdAt": {
    "$date": "2022-03-29T10:29:42.793Z"
  },
  "updatedAt": {
    "$date": "2022-03-29T10:29:42.793Z"
  }
},{
  "_id": {
    "$oid": "6242dfae1f893defef8a5291"
  },
  "isDelete": false,
  "diamonds": 2050,
  "dollar": 20,
  "rupee": 1540,
  "tag": "",
  "productKey": "android.test.purchased",
  "createdAt": {
    "$date": "2022-03-29T10:30:06.549Z"
  },
  "updatedAt": {
    "$date": "2022-03-29T10:30:06.549Z"
  }
},{
  "_id": {
    "$oid": "6242dfbd1f893defef8a529d"
  },
  "isDelete": false,
  "diamonds": 500,
  "dollar": 5,
  "rupee": 385,
  "tag": "",
  "productKey": "android.test.purchased",
  "createdAt": {
    "$date": "2022-03-29T10:30:21.085Z"
  },
  "updatedAt": {
    "$date": "2022-03-29T10:30:21.085Z"
  }
},{
  "_id": {
    "$oid": "6242dfca1f893defef8a52a2"
  },
  "isDelete": true,
  "diamonds": 79,
  "dollar": 1,
  "rupee": 77,
  "tag": "",
  "productKey": "android.test.purchased",
  "createdAt": {
    "$date": "2022-03-29T10:30:34.163Z"
  },
  "updatedAt": {
    "$date": "2022-04-10T23:56:58.891Z"
  }
},{
  "_id": {
    "$oid": "62536e2a0cefb449e628a67d"
  },
  "isDelete": false,
  "diamonds": 43000,
  "dollar": 500,
  "rupee": 38000,
  "tag": "",
  "productKey": "coins",
  "createdAt": {
    "$date": "2022-04-10T23:54:18.219Z"
  },
  "updatedAt": {
    "$date": "2022-04-10T23:55:25.150Z"
  }
},{
  "_id": {
    "$oid": "62536ede0cefb449e628a6b6"
  },
  "isDelete": false,
  "diamonds": 79,
  "dollar": 1,
  "rupee": 77,
  "tag": "",
  "productKey": "coin",
  "createdAt": {
    "$date": "2022-04-10T23:57:18.674Z"
  },
  "updatedAt": {
    "$date": "2022-04-10T23:57:18.674Z"
  }
}]