[{
  "_id": {
    "$oid": "61d42303dcdce69fe654525d"
  },
  "isAutoRenew": false,
  "isDelete": true,
  "validity": 15,
  "validityType": "day",
  "dollar": 15,
  "rupee": 1800,
  "tag": "",
  "productKey": "android.test.purchased",
  "createdAt": {
    "$date": "2022-01-04T10:35:47.694Z"
  },
  "updatedAt": {
    "$date": "2022-04-02T03:50:38.047Z"
  }
},{
  "_id": {
    "$oid": "61f2336b42485a9deea769f8"
  },
  "isAutoRenew": false,
  "isDelete": true,
  "validity": 1,
  "validityType": "day",
  "dollar": 1,
  "rupee": 1,
  "tag": "1",
  "productKey": "asd",
  "createdAt": {
    "$date": "2022-01-27T05:53:47.262Z"
  },
  "updatedAt": {
    "$date": "2022-01-27T05:53:52.530Z"
  }
},{
  "_id": {
    "$oid": "61f0e4fc2a7ccf035bd9ebff"
  },
  "isAutoRenew": false,
  "isDelete": true,
  "validity": 1,
  "validityType": "year",
  "dollar": 335,
  "rupee": 5000,
  "tag": "20% off",
  "productKey": "android.test.purchased",
  "createdAt": {
    "$date": "2022-01-26T06:06:52.131Z"
  },
  "updatedAt": {
    "$date": "2022-04-10T23:39:44.134Z"
  }
},{
  "_id": {
    "$oid": "6242dfee1f893defef8a52b6"
  },
  "isAutoRenew": false,
  "isDelete": true,
  "validity": 3,
  "validityType": "month",
  "dollar": 60,
  "rupee": 2100,
  "tag": "10% off",
  "productKey": "android.test.purchased",
  "createdAt": {
    "$date": "2022-03-29T10:31:10.027Z"
  },
  "updatedAt": {
    "$date": "2022-04-10T23:39:41.249Z"
  }
},{
  "_id": {
    "$oid": "6246f4fefb997aa077279bfd"
  },
  "isAutoRenew": false,
  "isDelete": true,
  "validity": 1,
  "validityType": "month",
  "dollar": 35,
  "rupee": 1050,
  "tag": "5% off",
  "productKey": "android.test.purchased",
  "createdAt": {
    "$date": "2022-04-01T12:50:06.689Z"
  },
  "updatedAt": {
    "$date": "2022-04-10T23:39:38.224Z"
  }
},{
  "_id": {
    "$oid": "6247e3e1b13a8cf29c3b9d7c"
  },
  "isAutoRenew": false,
  "isDelete": true,
  "validity": 7,
  "validityType": "day",
  "dollar": 13,
  "rupee": 500,
  "tag": "2% off",
  "productKey": "123456",
  "createdAt": {
    "$date": "2022-04-02T05:49:21.513Z"
  },
  "updatedAt": {
    "$date": "2022-04-10T23:39:35.131Z"
  }
},{
  "_id": {
    "$oid": "624823631f26a787b0457bd1"
  },
  "isAutoRenew": false,
  "isDelete": true,
  "validity": 1,
  "validityType": "day",
  "dollar": 2,
  "rupee": 3,
  "tag": "",
  "productKey": "android.test.purchased",
  "createdAt": {
    "$date": "2022-04-02T10:20:19.707Z"
  },
  "updatedAt": {
    "$date": "2022-04-10T23:39:31.890Z"
  }
},{
  "_id": {
    "$oid": "62536b730cefb449e628a668"
  },
  "isAutoRenew": false,
  "isDelete": false,
  "validity": 7,
  "validityType": "day",
  "dollar": 3,
  "rupee": 228,
  "tag": "",
  "productKey": "7DAY",
  "createdAt": {
    "$date": "2022-04-10T23:42:43.181Z"
  },
  "updatedAt": {
    "$date": "2022-04-10T23:42:43.181Z"
  }
},{
  "_id": {
    "$oid": "62536c090cefb449e628a66a"
  },
  "isAutoRenew": false,
  "isDelete": false,
  "validity": 1,
  "validityType": "month",
  "dollar": 20,
  "rupee": 1518,
  "tag": "",
  "productKey": "1month",
  "createdAt": {
    "$date": "2022-04-10T23:45:13.580Z"
  },
  "updatedAt": {
    "$date": "2022-04-10T23:48:12.915Z"
  }
},{
  "_id": {
    "$oid": "62536c8b0cefb449e628a66c"
  },
  "isAutoRenew": false,
  "isDelete": false,
  "validity": 1,
  "validityType": "year",
  "dollar": 300,
  "rupee": 22980,
  "tag": "",
  "productKey": "1year",
  "createdAt": {
    "$date": "2022-04-10T23:47:23.196Z"
  },
  "updatedAt": {
    "$date": "2022-04-10T23:48:05.404Z"
  }
}]