
{
  "header": {
    "reportVersion": 2,
    "event": "Allocation failed - JavaScript heap out of memory",
    "trigger": "FatalError",
    "filename": "report.20211022.181423.25560.0.001.json",
    "dumpEventTime": "2021-10-22T18:14:23Z",
    "dumpEventTimeStamp": "1634922863483",
    "processId": 25560,
    "threadId": null,
    "cwd": "C:\\Users\\Stephen\\Desktop\\Projects\\vicpharm",
    "commandLine": [
      "C:\\Program Files\\nodejs\\node.exe",
      "C:\\Users\\Stephen\\AppData\\Roaming\\npm/node_modules/@angular/cli/bin/ng",
      "serve"
    ],
    "nodejsVersion": "v12.16.3",
    "wordSize": 64,
    "arch": "x64",
    "platform": "win32",
    "componentVersions": {
      "node": "12.16.3",
      "v8": "7.8.279.23-node.35",
      "uv": "1.34.2",
      "zlib": "1.2.11",
      "brotli": "1.0.7",
      "ares": "1.16.0",
      "modules": "72",
      "nghttp2": "1.40.0",
      "napi": "5",
      "llhttp": "2.0.4",
      "http_parser": "2.9.3",
      "openssl": "1.1.1g",
      "cldr": "36.0",
      "icu": "65.1",
      "tz": "2019c",
      "unicode": "12.1"
    },
    "release": {
      "name": "node",
      "lts": "Erbium",
      "headersUrl": "https://nodejs.org/download/release/v12.16.3/node-v12.16.3-headers.tar.gz",
      "sourceUrl": "https://nodejs.org/download/release/v12.16.3/node-v12.16.3.tar.gz",
      "libUrl": "https://nodejs.org/download/release/v12.16.3/win-x64/node.lib"
    },
    "osName": "Windows_NT",
    "osRelease": "10.0.19042",
    "osVersion": "Windows 10 Pro",
    "osMachine": "x86_64",
    "cpus": [
      {
        "model": "Intel(R) Core(TM) i5-4210U CPU @ 1.70GHz",
        "speed": 2394,
        "user": 67438531,
        "nice": 0,
        "sys": 45286140,
        "idle": 256063078,
        "irq": 2989484
      },
      {
        "model": "Intel(R) Core(TM) i5-4210U CPU @ 1.70GHz",
        "speed": 2394,
        "user": 68263390,
        "nice": 0,
        "sys": 36287109,
        "idle": 264236984,
        "irq": 622671
      },
      {
        "model": "Intel(R) Core(TM) i5-4210U CPU @ 1.70GHz",
        "speed": 2394,
        "user": 77350078,
        "nice": 0,
        "sys": 39561296,
        "idle": 251876125,
        "irq": 535921
      },
      {
        "model": "Intel(R) Core(TM) i5-4210U CPU @ 1.70GHz",
        "speed": 2394,
        "user": 73275390,
        "nice": 0,
        "sys": 33805421,
        "idle": 261706687,
        "irq": 476968
      }
    ],
    "networkInterfaces": [
      {
        "name": "Wi-Fi 3",
        "internal": false,
        "mac": "10:4a:7d:c2:5e:66",
        "address": "fe80::19cd:2874:bc29:7bae",
        "netmask": "ffff:ffff:ffff:ffff::",
        "family": "IPv6",
        "scopeid": 18
      },
      {
        "name": "Wi-Fi 3",
        "internal": false,
        "mac": "10:4a:7d:c2:5e:66",
        "address": "192.168.52.93",
        "netmask": "255.255.255.0",
        "family": "IPv4"
      },
      {
        "name": "Loopback Pseudo-Interface 1",
        "internal": true,
        "mac": "00:00:00:00:00:00",
        "address": "::1",
        "netmask": "ffff:ffff:ffff:ffff:ffff:ffff:ffff:ffff",
        "family": "IPv6",
        "scopeid": 0
      },
      {
        "name": "Loopback Pseudo-Interface 1",
        "internal": true,
        "mac": "00:00:00:00:00:00",
        "address": "127.0.0.1",
        "netmask": "255.0.0.0",
        "family": "IPv4"
      }
    ],
    "host": "drcids"
  },
  "javascriptStack": {
    "message": "No stack.",
    "stack": [
      "Unavailable."
    ]
  },
  "nativeStack": [
    {
      "pc": "0x00007ff688062449",
      "symbol": "std::basic_ostream<char,std::char_traits<char> >::operator<<+11577"
    },
    {
      "pc": "0x00007ff6880669a9",
      "symbol": "std::basic_ostream<char,std::char_traits<char> >::operator<<+29337"
    },
    {
      "pc": "0x00007ff688065828",
      "symbol": "std::basic_ostream<char,std::char_traits<char> >::operator<<+24856"
    },
    {
      "pc": "0x00007ff68819d8c2",
      "symbol": "v8::base::CPU::has_sse+68658"
    },
    {
      "pc": "0x00007ff6889b9bbe",
      "symbol": "v8::Isolate::ReportExternalAllocationLimitReached+94"
    },
    {
      "pc": "0x00007ff6889a1c91",
      "symbol": "v8::SharedArrayBuffer::Externalize+833"
    },
    {
      "pc": "0x00007ff68886e1ec",
      "symbol": "v8::internal::Heap::EphemeronKeyWriteBarrierFromCode+1436"
    },
    {
      "pc": "0x00007ff688879420",
      "symbol": "v8::internal::Heap::ProtectUnprotectedMemoryChunks+1312"
    },
    {
      "pc": "0x00007ff688875f44",
      "symbol": "v8::internal::Heap::PageFlagsAreConsistent+3204"
    },
    {
      "pc": "0x00007ff68886b743",
      "symbol": "v8::internal::Heap::CollectGarbage+1283"
    },
    {
      "pc": "0x00007ff688869db4",
      "symbol": "v8::internal::Heap::AddRetainedMap+2452"
    },
    {
      "pc": "0x00007ff68888afbd",
      "symbol": "v8::internal::Factory::NewFillerObject+61"
    },
    {
      "pc": "0x00007ff6885f1871",
      "symbol": "v8::internal::interpreter::JumpTableTargetOffsets::iterator::operator=+1665"
    },
    {
      "pc": "0x00007ff688e06c4d",
      "symbol": "v8::internal::SetupIsolateDelegate::SetupHeap+546637"
    },
    {
      "pc": "0x00007ff688e70c24",
      "symbol": "v8::internal::SetupIsolateDelegate::SetupHeap+980772"
    },
    {
      "pc": "0x00007ff688d8bbfc",
      "symbol": "v8::internal::SetupIsolateDelegate::SetupHeap+42748"
    },
    {
      "pc": "0x00007ff688d8bbfc",
      "symbol": "v8::internal::SetupIsolateDelegate::SetupHeap+42748"
    },
    {
      "pc": "0x00007ff688d8bbfc",
      "symbol": "v8::internal::SetupIsolateDelegate::SetupHeap+42748"
    },
    {
      "pc": "0x00007ff688d8bbfc",
      "symbol": "v8::internal::SetupIsolateDelegate::SetupHeap+42748"
    },
    {
      "pc": "0x00007ff688d8bbfc",
      "symbol": "v8::internal::SetupIsolateDelegate::SetupHeap+42748"
    },
    {
      "pc": "0x00007ff688d8bbfc",
      "symbol": "v8::internal::SetupIsolateDelegate::SetupHeap+42748"
    },
    {
      "pc": "0x00007ff688d8bbfc",
      "symbol": "v8::internal::SetupIsolateDelegate::SetupHeap+42748"
    },
    {
      "pc": "0x00007ff688d8bbfc",
      "symbol": "v8::internal::SetupIsolateDelegate::SetupHeap+42748"
    },
    {
      "pc": "0x000003f73cb7447f",
      "symbol": ""
    }
  ],
  "javascriptHeap": {
    "totalMemory": 2100953088,
    "totalCommittedMemory": 2100953088,
    "usedMemory": 2052420040,
    "availableMemory": 108765168,
    "memoryLimit": 2197815296,
    "heapSpaces": {
      "read_only_space": {
        "memorySize": 262144,
        "committedMemory": 262144,
        "capacity": 32808,
        "used": 32808,
        "available": 0
      },
      "new_space": {
        "memorySize": 2097152,
        "committedMemory": 2097152,
        "capacity": 1047456,
        "used": 3424,
        "available": 1044032
      },
      "old_space": {
        "memorySize": 1898590208,
        "committedMemory": 1898590208,
        "capacity": 1863767936,
        "used": 1857297296,
        "available": 6470640
      },
      "code_space": {
        "memorySize": 7770112,
        "committedMemory": 7770112,
        "capacity": 6863680,
        "used": 6863680,
        "available": 0
      },
      "map_space": {
        "memorySize": 7344128,
        "committedMemory": 7344128,
        "capacity": 3998320,
        "used": 3998320,
        "available": 0
      },
      "large_object_space": {
        "memorySize": 183922688,
        "committedMemory": 183922688,
        "capacity": 183350816,
        "used": 183350816,
        "available": 0
      },
      "code_large_object_space": {
        "memorySize": 966656,
        "committedMemory": 966656,
        "capacity": 873696,
        "used": 873696,
        "available": 0
      },
      "new_large_object_space": {
        "memorySize": 0,
        "committedMemory": 0,
        "capacity": 4388288,
        "used": 0,
        "available": 4388288
      }
    }
  },
  "resourceUsage": {
    "userCpuSeconds": 15380.5,
    "kernelCpuSeconds": 383.406,
    "cpuConsumptionPercent": 8.48734,
    "maxRss": 2541105152,
    "pageFaults": {
      "IORequired": 54803546,
      "IONotRequired": 0
    },
    "fsActivity": {
      "reads": 24876,
      "writes": 46
    }
  },
  "libuv": [
  ],
  "workers": [
  ],
  "environmentVariables": {
    "ALLUSERSPROFILE": "C:\\ProgramData",
    "ANDROID_HOME": "C:\\Users\\Stephen\\AppData\\Local\\Android\\sdk",
    "APPDATA": "C:\\Users\\Stephen\\AppData\\Roaming",
    "BROWSERSLIST_IGNORE_OLD_DATA": "1",
    "CHROME_CRASHPAD_PIPE_NAME": "\\\\.\\pipe\\crashpad_14772_LKOTWUKIZGPDYNMA",
    "CommonProgramFiles": "C:\\Program Files\\Common Files",
    "CommonProgramFiles(x86)": "C:\\Program Files (x86)\\Common Files",
    "CommonProgramW6432": "C:\\Program Files\\Common Files",
    "COMPUTERNAME": "DRCIDS",
    "ComSpec": "C:\\WINDOWS\\system32\\cmd.exe",
    "DriverData": "C:\\Windows\\System32\\Drivers\\DriverData",
    "HOMEDRIVE": "C:",
    "HOMEPATH": "\\Users\\Stephen",
    "JAVA_HOME": "C:\\Program Files\\Java\\jdk1.8.0_251",
    "LOCALAPPDATA": "C:\\Users\\Stephen\\AppData\\Local",
    "LOGONSERVER": "\\\\DRCIDS",
    "NUMBER_OF_PROCESSORS": "4",
    "OneDrive": "C:\\Users\\Stephen\\OneDrive",
    "OneDriveConsumer": "C:\\Users\\Stephen\\OneDrive",
    "ORIGINAL_XDG_CURRENT_DESKTOP": "undefined",
    "OS": "Windows_NT",
    "Path": "C:\\ImageMagick-7.1.0-Q16;C:\\Program Files (x86)\\Common Files\\Oracle\\Java\\javapath;C:\\WINDOWS\\system32;C:\\WINDOWS;C:\\WINDOWS\\System32\\Wbem;C:\\WINDOWS\\System32\\WindowsPowerShell\\v1.0\\;C:\\WINDOWS\\System32\\OpenSSH\\;C:\\Program Files\\PuTTY\\;C:\\Program Files\\nodejs\\;C:\\Users\\Stephen\\AppData\\Roaming\\npm;C:\\Program Files\\Java\\jdk1.8.0_251\\bin;C:\\Users\\Stephen\\AppData\\Local\\Android\\sdk\\tools;C:\\Users\\Stephen\\AppData\\Local\\Android\\sdk\\platform-tools;C:\\Users\\Stephen\\AppData\\Local\\Android\\sdk\\build-tools;C:\\Gradle\\bin;C:\\Program Files\\Git\\cmd;C:\\Program Files (x86)\\Yarn\\bin\\;C:\\xampp\\php;C:\\ProgramData\\ComposerSetup\\bin;C:\\Program Files\\gs\\gs9.54.0\\bin;C:\\xampp\\apache\\bin;C:\\Users\\Stephen\\AppData\\Local\\Programs\\Python\\Python38\\Scripts\\;C:\\Users\\Stephen\\AppData\\Local\\Programs\\Python\\Python38\\;C:\\Program Files\\MySQL\\MySQL Shell 8.0\\bin\\;C:\\Users\\Stephen\\AppData\\Local\\Microsoft\\WindowsApps;C:\\Program Files\\heroku\\bin;C:\\Users\\Stephen\\AppData\\Local\\Programs\\Microsoft VS Code\\bin;C:\\Users\\Stephen\\AppData\\Roaming\\npm;C:\\Users\\Stephen\\AppData\\Roaming\\npm;C:\\src\\flutter\\bin;C:\\Users\\Stephen\\AppData\\Local\\Yarn\\bin;C:\\Users\\Stephen\\AppData\\Roaming\\Composer\\vendor\\bin;C:\\xampp\\apache\\bin;",
    "PATHEXT": ".COM;.EXE;.BAT;.CMD;.VBS;.VBE;.JS;.JSE;.WSF;.WSH;.MSC;.CPL",
    "PROCESSOR_ARCHITECTURE": "AMD64",
    "PROCESSOR_IDENTIFIER": "Intel64 Family 6 Model 69 Stepping 1, GenuineIntel",
    "PROCESSOR_LEVEL": "6",
    "PROCESSOR_REVISION": "4501",
    "ProgramData": "C:\\ProgramData",
    "ProgramFiles": "C:\\Program Files",
    "ProgramFiles(x86)": "C:\\Program Files (x86)",
    "ProgramW6432": "C:\\Program Files",
    "PSModulePath": "C:\\Users\\Stephen\\Documents\\WindowsPowerShell\\Modules;C:\\Program Files\\WindowsPowerShell\\Modules;C:\\WINDOWS\\system32\\WindowsPowerShell\\v1.0\\Modules",
    "PUBLIC": "C:\\Users\\Public",
    "SESSIONNAME": "Console",
    "SystemDrive": "C:",
    "SystemRoot": "C:\\WINDOWS",
    "TEMP": "C:\\Users\\Stephen\\AppData\\Local\\Temp",
    "TMP": "C:\\Users\\Stephen\\AppData\\Local\\Temp",
    "USERDOMAIN": "DRCIDS",
    "USERDOMAIN_ROAMINGPROFILE": "DRCIDS",
    "USERNAME": "Stephen",
    "USERPROFILE": "C:\\Users\\Stephen",
    "WEBPACK_DEV_SERVER": "true",
    "windir": "C:\\WINDOWS",
    "TERM_PROGRAM": "vscode",
    "TERM_PROGRAM_VERSION": "1.61.0",
    "LANG": "en_US.UTF-8",
    "COLORTERM": "truecolor",
    "VSCODE_GIT_IPC_HANDLE": "\\\\.\\pipe\\vscode-git-46eff8e019-sock",
    "GIT_ASKPASS": "c:\\Users\\Stephen\\AppData\\Local\\Programs\\Microsoft VS Code\\resources\\app\\extensions\\git\\dist\\askpass.sh",
    "VSCODE_GIT_ASKPASS_NODE": "C:\\Users\\Stephen\\AppData\\Local\\Programs\\Microsoft VS Code\\Code.exe",
    "VSCODE_GIT_ASKPASS_MAIN": "c:\\Users\\Stephen\\AppData\\Local\\Programs\\Microsoft VS Code\\resources\\app\\extensions\\git\\dist\\askpass-main.js"
  },
  "sharedObjects": [
    "C:\\Program Files\\nodejs\\node.exe",
    "C:\\WINDOWS\\SYSTEM32\\ntdll.dll",
    "C:\\WINDOWS\\System32\\KERNEL32.DLL",
    "C:\\WINDOWS\\System32\\KERNELBASE.dll",
    "C:\\WINDOWS\\System32\\WS2_32.dll",
    "C:\\WINDOWS\\System32\\RPCRT4.dll",
    "C:\\WINDOWS\\SYSTEM32\\dbghelp.dll",
    "C:\\WINDOWS\\System32\\PSAPI.DLL",
    "C:\\WINDOWS\\System32\\ADVAPI32.dll",
    "C:\\WINDOWS\\System32\\ucrtbase.dll",
    "C:\\WINDOWS\\System32\\msvcrt.dll",
    "C:\\WINDOWS\\System32\\sechost.dll",
    "C:\\WINDOWS\\SYSTEM32\\IPHLPAPI.DLL",
    "C:\\WINDOWS\\SYSTEM32\\USERENV.dll",
    "C:\\WINDOWS\\System32\\USER32.dll",
    "C:\\WINDOWS\\System32\\win32u.dll",
    "C:\\WINDOWS\\System32\\GDI32.dll",
    "C:\\WINDOWS\\System32\\gdi32full.dll",
    "C:\\WINDOWS\\System32\\msvcp_win.dll",
    "C:\\WINDOWS\\System32\\CRYPT32.dll",
    "C:\\WINDOWS\\System32\\bcrypt.dll",
    "C:\\WINDOWS\\SYSTEM32\\WINMM.dll",
    "C:\\WINDOWS\\System32\\IMM32.DLL",
    "C:\\WINDOWS\\SYSTEM32\\powrprof.dll",
    "C:\\WINDOWS\\SYSTEM32\\UMPDC.dll",
    "C:\\WINDOWS\\SYSTEM32\\CRYPTBASE.DLL",
    "C:\\WINDOWS\\system32\\uxtheme.dll",
    "C:\\WINDOWS\\System32\\combase.dll",
    "C:\\WINDOWS\\system32\\mswsock.dll",
    "C:\\WINDOWS\\SYSTEM32\\kernel.appcore.dll",
    "C:\\WINDOWS\\System32\\bcryptprimitives.dll",
    "C:\\WINDOWS\\System32\\NSI.dll",
    "C:\\WINDOWS\\SYSTEM32\\dhcpcsvc6.DLL",
    "C:\\WINDOWS\\SYSTEM32\\dhcpcsvc.DLL",
    "C:\\WINDOWS\\SYSTEM32\\DNSAPI.dll",
    "C:\\WINDOWS\\system32\\napinsp.dll",
    "C:\\WINDOWS\\system32\\pnrpnsp.dll",
    "C:\\WINDOWS\\system32\\wshbth.dll",
    "C:\\WINDOWS\\system32\\NLAapi.dll",
    "C:\\WINDOWS\\System32\\winrnr.dll",
    "C:\\Windows\\System32\\rasadhlp.dll",
    "C:\\WINDOWS\\System32\\fwpuclnt.dll"
  ]
}